[
  {
    "value": "único",
    "synonyms": [
      "único"
    ]
  },
  {
    "value": "pequeno",
    "synonyms": [
      "pequeno"
    ]
  },
  {
    "value": "médio",
    "synonyms": [
      "médio"
    ]
  },
  {
    "value": "grande",
    "synonyms": [
      "grande"
    ]
  },
  {
    "value": "p",
    "synonyms": [
      "p"
    ]
  },
  {
    "value": "m",
    "synonyms": [
      "m"
    ]
  },
  {
    "value": "g",
    "synonyms": [
      "g"
    ]
  },
  {
    "value": "gg",
    "synonyms": [
      "gg"
    ]
  }
]