[
  {
    "value": "vibrador",
    "synonyms": [
      "vibrador",
      "consolo",
      "dildo",
      "vibradores"
    ]
  },
  {
    "value": "gél",
    "synonyms": [
      "gél",
      "géis",
      "gel",
      "geis"
    ]
  },
  {
    "value": "lubrificante",
    "synonyms": [
      "lubrificante",
      "lubrificantes"
    ]
  },
  {
    "value": "bdsm",
    "synonyms": [
      "bdsm",
      "BDSM",
      "sadomasoquista"
    ]
  },
  {
    "value": "bonecas",
    "synonyms": [
      "bonecas",
      "boneca",
      "boneca realista",
      "bonecas realistas"
    ]
  },
  {
    "value": "massageador",
    "synonyms": [
      "massageador",
      "massageadores"
    ]
  },
  {
    "value": "calcinhas",
    "synonyms": [
      "calcinhas",
      "calcinha",
      "calcinha comestível"
    ]
  },
  {
    "value": "plug",
    "synonyms": [
      "plug",
      "plug  anal"
    ]
  },
  {
    "value": "camisinha",
    "synonyms": [
      "camisinha",
      "proteção"
    ]
  },
  {
    "value": "fantasia",
    "synonyms": [
      "fantasia",
      "roupas"
    ]
  },
  {
    "value": "afrodisíaco",
    "synonyms": [
      "pó afrodisíaco",
      "pó",
      "afrodisíaco",
      "afrodisíacos"
    ]
  },
  {
    "value": "lingerie",
    "synonyms": [
      "lingerie",
      "roupa intima",
      "lingerie sexy"
    ]
  },
  {
    "value": "sugador",
    "synonyms": [
      "sugador",
      "sugador de clitóris",
      "suga"
    ]
  }
]