[
  {
    "id": "1d9fb274-5276-49fa-98e2-c0b9a637632e",
    "data": [
      {
        "text": "3",
        "userDefined": true
      }
    ],
    "isTemplate": false,
    "count": 0,
    "lang": "pt-br",
    "updated": 0
  },
  {
    "id": "031ce5b6-3cdd-4442-9fac-4dccea01eb87",
    "data": [
      {
        "text": "conferir",
        "userDefined": false
      }
    ],
    "isTemplate": false,
    "count": 0,
    "lang": "pt-br",
    "updated": 0
  },
  {
    "id": "84d2eb84-68a0-4135-b215-20e4828ac1ce",
    "data": [
      {
        "text": "consultar pedido",
        "userDefined": false
      }
    ],
    "isTemplate": false,
    "count": 0,
    "lang": "pt-br",
    "updated": 0
  },
  {
    "id": "c909964c-3df0-4e0d-8c7e-988a9f87d710",
    "data": [
      {
        "text": "pesquisar",
        "userDefined": false
      }
    ],
    "isTemplate": false,
    "count": 0,
    "lang": "pt-br",
    "updated": 0
  },
  {
    "id": "d07ca583-7984-4d14-8b0f-218075cd26ec",
    "data": [
      {
        "text": "consultar",
        "userDefined": false
      }
    ],
    "isTemplate": false,
    "count": 0,
    "lang": "pt-br",
    "updated": 0
  }
]