[
  {
    "id": "ba6b242e-9450-4518-9b53-3bf9b05fdc5b",
    "data": [
      {
        "text": "1",
        "userDefined": false
      }
    ],
    "isTemplate": false,
    "count": 1,
    "lang": "pt-br",
    "updated": 0
  },
  {
    "id": "932ab86b-c75f-459f-8aa7-bca9ee3e5919",
    "data": [
      {
        "text": "cadastrar pedido",
        "userDefined": false
      }
    ],
    "isTemplate": false,
    "count": 0,
    "lang": "pt-br",
    "updated": 0
  },
  {
    "id": "6f6016be-c39d-49d9-a96e-7a5d81da3c43",
    "data": [
      {
        "text": "novo pedido",
        "userDefined": false
      }
    ],
    "isTemplate": false,
    "count": 0,
    "lang": "pt-br",
    "updated": 0
  },
  {
    "id": "79f5dffc-1ae0-4004-b67d-d978ebe04c16",
    "data": [
      {
        "text": "cadastrar",
        "userDefined": false
      }
    ],
    "isTemplate": false,
    "count": 0,
    "lang": "pt-br",
    "updated": 0
  }
]