[
  {
    "id": "90e4382b-4cee-4ecc-b52d-1d68655eb1ae",
    "data": [
      {
        "text": "2",
        "userDefined": false
      }
    ],
    "isTemplate": false,
    "count": 0,
    "lang": "pt-br",
    "updated": 0
  },
  {
    "id": "fca6d705-6b72-473f-a983-a13ed580487d",
    "data": [
      {
        "text": "atualizar pedido",
        "userDefined": false
      }
    ],
    "isTemplate": false,
    "count": 0,
    "lang": "pt-br",
    "updated": 0
  },
  {
    "id": "462f571c-0b53-43d4-b616-5115f7c3b0fc",
    "data": [
      {
        "text": "arrumar",
        "userDefined": false
      }
    ],
    "isTemplate": false,
    "count": 0,
    "lang": "pt-br",
    "updated": 0
  },
  {
    "id": "c87c440a-3193-473d-88af-3039f2b87311",
    "data": [
      {
        "text": "atualizar",
        "userDefined": false
      }
    ],
    "isTemplate": false,
    "count": 0,
    "lang": "pt-br",
    "updated": 0
  }
]