[
  {
    "id": "e33334a9-e233-419a-b3bd-70fdfe253f76",
    "data": [
      {
        "text": "5",
        "userDefined": false
      }
    ],
    "isTemplate": false,
    "count": 0,
    "lang": "pt-br",
    "updated": 0
  },
  {
    "id": "47da61b4-20dd-4415-abb5-d7222b608dec",
    "data": [
      {
        "text": "sair do sex bot",
        "userDefined": false
      }
    ],
    "isTemplate": false,
    "count": 0,
    "lang": "pt-br",
    "updated": 0
  },
  {
    "id": "3a2cc7c5-b2cd-495f-9b8c-fcc7ae3a694c",
    "data": [
      {
        "text": "sair do bot",
        "userDefined": false
      }
    ],
    "isTemplate": false,
    "count": 0,
    "lang": "pt-br",
    "updated": 0
  },
  {
    "id": "2f5e8368-481e-429c-81c2-45c043b6c3ae",
    "data": [
      {
        "text": "terminar",
        "userDefined": false
      }
    ],
    "isTemplate": false,
    "count": 0,
    "lang": "pt-br",
    "updated": 0
  },
  {
    "id": "e876df5f-d104-4d72-813b-146778fc8f27",
    "data": [
      {
        "text": "sair",
        "userDefined": false
      }
    ],
    "isTemplate": false,
    "count": 0,
    "lang": "pt-br",
    "updated": 0
  }
]