[
  {
    "id": "701bd462-9ec2-4cdc-a71e-88a08da14364",
    "data": [
      {
        "text": "4",
        "userDefined": false
      }
    ],
    "isTemplate": false,
    "count": 0,
    "lang": "pt-br",
    "updated": 0
  },
  {
    "id": "2f1fcdce-0fa7-40a5-992c-b2d63e2fc44e",
    "data": [
      {
        "text": "cancelar pedido",
        "userDefined": false
      }
    ],
    "isTemplate": false,
    "count": 0,
    "lang": "pt-br",
    "updated": 0
  },
  {
    "id": "eb282c79-115a-4f73-8698-cbb81251b078",
    "data": [
      {
        "text": "excluir",
        "userDefined": false
      }
    ],
    "isTemplate": false,
    "count": 0,
    "lang": "pt-br",
    "updated": 0
  },
  {
    "id": "4df3a370-3b16-40dc-9efd-4c6fc2dcb29b",
    "data": [
      {
        "text": "cancelar",
        "userDefined": false
      }
    ],
    "isTemplate": false,
    "count": 0,
    "lang": "pt-br",
    "updated": 0
  }
]